{"cameraMode":{"drawMode":0,"name":"Shaded","section":"Shading Mode"},"sceneLighting":false,"audioPlay":false,"sceneViewState":{"m_AlwaysRefresh":false,"showFog":false,"showSkybox":false,"showFlares":true,"showImageEffects":true,"showParticleSystems":true,"showVisualEffectGraphs":true,"m_FxEnabled":true},"in2DMode":false,"pivot":{"x":193.3885040283203,"y":119.68075561523438,"z":18.901569366455079},"rotation":{"x":0.018729401752352716,"y":0.9710083603858948,"z":-0.2240884006023407,"w":0.08116008341312409},"size":38.807334899902347,"orthographic":true}