{"cameraMode":{"drawMode":0,"name":"Shaded","section":"Shading Mode"},"sceneLighting":false,"audioPlay":false,"sceneViewState":{"m_AlwaysRefresh":false,"showFog":false,"showSkybox":false,"showFlares":true,"showImageEffects":true,"showParticleSystems":true,"showVisualEffectGraphs":true,"m_FxEnabled":true},"in2DMode":false,"pivot":{"x":195.34725952148438,"y":126.38229370117188,"z":16.77743148803711},"rotation":{"x":0.018729401752352716,"y":0.9710083603858948,"z":-0.2240884006023407,"w":0.08116008341312409},"size":45.62809753417969,"orthographic":true}