{"cameraMode":{"drawMode":0,"name":"Shaded","section":"Shading Mode"},"sceneLighting":false,"audioPlay":false,"sceneViewState":{"m_AlwaysRefresh":false,"showFog":false,"showSkybox":true,"showFlares":true,"showImageEffects":true,"showParticleSystems":true,"showVisualEffectGraphs":true,"m_FxEnabled":true},"in2DMode":false,"pivot":{"x":195.39999389648438,"y":122.80000305175781,"z":17.200000762939454},"rotation":{"x":0.004499904345721006,"y":-0.005999905057251453,"z":0.000026999734473065473,"w":0.9999718070030212},"size":7.063162803649902,"orthographic":false}