{"cameraMode":{"drawMode":0,"name":"Shaded","section":"Shading Mode"},"sceneLighting":true,"audioPlay":false,"sceneViewState":{"m_AlwaysRefresh":false,"showFog":false,"showSkybox":true,"showFlares":true,"showImageEffects":true,"showParticleSystems":true,"showVisualEffectGraphs":true,"m_FxEnabled":true},"in2DMode":false,"pivot":{"x":193.97158813476563,"y":-111.272216796875,"z":604.4999389648438},"rotation":{"x":-0.2175576239824295,"y":0.002046377630904317,"z":-0.00045533067896030843,"w":-0.9760593175888062},"size":544.8614501953125,"orthographic":false}