{"cameraMode":{"drawMode":0,"name":"Shaded","section":"Shading Mode"},"sceneLighting":false,"audioPlay":false,"sceneViewState":{"m_AlwaysRefresh":false,"showFog":false,"showSkybox":true,"showFlares":true,"showImageEffects":true,"showParticleSystems":true,"showVisualEffectGraphs":true,"m_FxEnabled":true},"in2DMode":false,"pivot":{"x":243.10000610351563,"y":202.39999389648438,"z":140.89999389648438},"rotation":{"x":0.018062934279441835,"y":0.9773953557014465,"z":-0.18879176676273347,"w":0.09351682662963867},"size":9.072640419006348,"orthographic":true}