{"cameraMode":{"drawMode":0,"name":"Shaded","section":"Shading Mode"},"sceneLighting":false,"audioPlay":false,"sceneViewState":{"m_AlwaysRefresh":false,"showFog":false,"showSkybox":true,"showFlares":true,"showImageEffects":true,"showParticleSystems":true,"showVisualEffectGraphs":true,"m_FxEnabled":true},"in2DMode":false,"pivot":{"x":314.2004089355469,"y":207.81683349609376,"z":302.65325927734377},"rotation":{"x":0.1659487783908844,"y":0.031951189041137698,"z":-0.005379717797040939,"w":0.9856023192405701},"size":7.822490692138672,"orthographic":true}