{"cameraMode":{"drawMode":0,"name":"Shaded","section":"Shading Mode"},"sceneLighting":false,"audioPlay":false,"sceneViewState":{"m_AlwaysRefresh":false,"showFog":false,"showSkybox":true,"showFlares":true,"showImageEffects":true,"showParticleSystems":true,"showVisualEffectGraphs":true,"m_FxEnabled":true},"in2DMode":false,"pivot":{"x":195.39999389648438,"y":122.80000305175781,"z":17.200000762939454},"rotation":{"x":0.018729401752352716,"y":0.9710083603858948,"z":-0.2240884006023407,"w":0.08116008341312409},"size":7.063162803649902,"orthographic":true}