{"cameraMode":{"drawMode":0,"name":"Shaded","section":"Shading Mode"},"sceneLighting":true,"audioPlay":false,"sceneViewState":{"m_AlwaysRefresh":false,"showFog":false,"showSkybox":true,"showFlares":true,"showImageEffects":true,"showParticleSystems":true,"showVisualEffectGraphs":true,"m_FxEnabled":true},"in2DMode":false,"pivot":{"x":154.40164184570313,"y":-238.2300567626953,"z":1566.21533203125},"rotation":{"x":-0.13486701250076295,"y":0.021397985517978669,"z":-0.0029125437140464784,"w":-0.9906395673751831},"size":892.4508056640625,"orthographic":false}