{"cameraMode":{"drawMode":0,"name":"Shaded","section":"Shading Mode"},"sceneLighting":true,"audioPlay":false,"sceneViewState":{"m_AlwaysRefresh":false,"showFog":true,"showSkybox":true,"showFlares":true,"showImageEffects":true,"showParticleSystems":true,"showVisualEffectGraphs":true,"m_FxEnabled":true},"in2DMode":false,"pivot":{"x":283.61700439453127,"y":34.37518310546875,"z":288.6885986328125},"rotation":{"x":-0.21738269925117494,"y":-0.03893692046403885,"z":0.008678706362843514,"w":-0.9752715229988098},"size":260.3691711425781,"orthographic":false}